domain,tld,release_date,available,indexed,estimated_pages,index_source,checked_at
1000wmsk.se,se,2026-03-01,True,False,0,wayback,2026-02-28T10:22:35.868178+00:00
1963.se,se,2026-03-01,True,False,0,wayback,2026-02-28T10:22:35.868178+00:00
226records.se,se,2026-03-01,True,False,0,wayback,2026-02-28T10:22:35.868178+00:00
3stickor.se,se,2026-03-01,True,False,0,wayback,2026-02-28T10:22:35.868178+00:00
4signskelleftea.se,se,2026-03-01,True,False,0,wayback,2026-02-28T10:22:35.868178+00:00
700capital.se,se,2026-03-01,True,,,wayback,2026-02-28T10:22:35.868178+00:00
adient-aeropace.se,se,2026-03-01,True,False,0,wayback,2026-02-28T10:22:35.868178+00:00
adientaerospace.se,se,2026-03-01,True,False,0,wayback,2026-02-28T10:22:35.868178+00:00
adientaircraftseating.se,se,2026-03-01,True,,,wayback,2026-02-28T10:22:35.868178+00:00
adlibiris.se,se,2026-03-01,True,,,wayback,2026-02-28T10:22:35.868178+00:00
advokatfirma-stockholm.se,se,2026-03-01,True,False,0,wayback,2026-02-28T10:22:35.868178+00:00
advokatnotariuspublicus.se,se,2026-03-01,True,False,0,wayback,2026-02-28T10:22:35.868178+00:00
affili.se,se,2026-03-01,True,,,wayback,2026-02-28T10:22:35.868178+00:00
afiki.se,se,2026-03-01,True,,,wayback,2026-02-28T10:22:35.868178+00:00
aflix.se,se,2026-03-01,True,,,wayback,2026-02-28T10:22:35.868178+00:00
agentisk.se,se,2026-03-01,True,False,0,wayback,2026-02-28T10:22:35.868178+00:00
agentiskai.se,se,2026-03-01,True,,,wayback,2026-02-28T10:22:35.868178+00:00
aidiagno.se,se,2026-03-01,True,,,wayback,2026-02-28T10:22:35.868178+00:00
aidoped.se,se,2026-03-01,True,,,wayback,2026-02-28T10:22:35.868178+00:00
aiswedendev.se,se,2026-03-01,True,False,0,wayback,2026-02-28T10:22:35.868178+00:00
aktiemaklaren.se,se,2026-03-01,True,,,wayback,2026-02-28T10:22:35.868178+00:00
aktuellaobservationer.se,se,2026-03-01,True,,,wayback,2026-02-28T10:22:35.868178+00:00
alaminute.nu,nu,2026-03-01,True,False,0,wayback,2026-02-28T10:22:35.868178+00:00
alaminute.se,se,2026-03-01,True,False,0,wayback,2026-02-28T10:22:35.868178+00:00
allaolag.se,se,2026-03-01,True,,,wayback,2026-02-28T10:22:35.868178+00:00
almq.se,se,2026-03-01,True,False,0,wayback,2026-02-28T10:22:35.868178+00:00
amadrone.se,se,2026-03-01,True,,,wayback,2026-02-28T10:22:35.868178+00:00
amsmiljovard.se,se,2026-03-01,True,False,0,wayback,2026-02-28T10:22:35.868178+00:00
anbudsproffs.se,se,2026-03-01,True,,,wayback,2026-02-28T10:22:35.868178+00:00
anotherabove.se,se,2026-03-01,True,False,0,wayback,2026-02-28T10:22:35.868178+00:00
antidrone.se,se,2026-03-01,True,False,0,wayback,2026-02-28T10:22:35.868178+00:00
antipals.se,se,2026-03-01,True,,,wayback,2026-02-28T10:22:35.868178+00:00
arbetsformelingen.se,se,2026-03-01,True,,,wayback,2026-02-28T10:22:35.868178+00:00
areyouwhy.se,se,2026-03-01,True,,,wayback,2026-02-28T10:22:35.868178+00:00
arkivefterlivet.se,se,2026-03-01,True,False,0,wayback,2026-02-28T10:22:35.868178+00:00
artbodywork.se,se,2026-03-01,True,,,wayback,2026-02-28T10:22:35.868178+00:00
artmosphere.se,se,2026-03-01,True,,,wayback,2026-02-28T10:22:35.868178+00:00
arton.nu,nu,2026-03-01,True,,,wayback,2026-02-28T10:22:35.868178+00:00
arvikabikefestival.se,se,2026-03-01,True,False,0,wayback,2026-02-28T10:22:35.868178+00:00
asslatjejerna.se,se,2026-03-01,True,,,wayback,2026-02-28T10:22:35.868178+00:00
audiuppsala.se,se,2026-03-01,True,,,wayback,2026-02-28T10:22:35.868178+00:00
avahlstrom.se,se,2026-03-01,True,False,0,wayback,2026-02-28T10:22:35.868178+00:00
avloppskane.se,se,2026-03-01,True,False,0,wayback,2026-02-28T10:22:35.868178+00:00
awhandmade.se,se,2026-03-01,True,False,0,wayback,2026-02-28T10:22:35.868178+00:00
axyer.se,se,2026-03-01,True,False,0,wayback,2026-02-28T10:22:35.868178+00:00
b8bygg.se,se,2026-03-01,True,False,0,wayback,2026-02-28T10:22:35.868178+00:00
bagcharm.se,se,2026-03-01,True,False,0,wayback,2026-02-28T10:22:35.868178+00:00
bankdag.nu,nu,2026-03-01,True,False,0,wayback,2026-02-28T10:22:35.868178+00:00
bantanu.se,se,2026-03-01,True,False,0,wayback,2026-02-28T10:22:35.868178+00:00
barnprylar.nu,nu,2026-03-01,True,,,wayback,2026-02-28T10:22:35.868178+00:00
bastaforsakring.se,se,2026-03-01,True,False,0,wayback,2026-02-28T10:22:35.868178+00:00
bastardcasino.se,se,2026-03-01,True,False,0,wayback,2026-02-28T10:22:35.868178+00:00
bastua.se,se,2026-03-01,True,False,0,wayback,2026-02-28T10:22:35.868178+00:00
bawansaid.se,se,2026-03-01,True,False,0,wayback,2026-02-28T10:22:35.868178+00:00
bblog.se,se,2026-03-01,True,False,0,wayback,2026-02-28T10:22:35.868178+00:00
bedragerikollen.se,se,2026-03-01,True,False,0,wayback,2026-02-28T10:22:35.868178+00:00
begravningsbyra-helsingborg.se,se,2026-03-01,True,False,0,wayback,2026-02-28T10:22:35.868178+00:00
beluisteren.nu,nu,2026-03-01,True,False,0,wayback,2026-02-28T10:22:35.868178+00:00
bergdalvana.se,se,2026-03-01,True,False,0,wayback,2026-02-28T10:22:35.868178+00:00
berzeliusfilter.se,se,2026-03-01,True,False,0,wayback,2026-02-28T10:22:35.868178+00:00
berzeliussweden.se,se,2026-03-01,True,,,wayback,2026-02-28T10:22:35.868178+00:00
beslutsfattare.se,se,2026-03-01,True,False,0,wayback,2026-02-28T10:22:35.868178+00:00
bigbabby.se,se,2026-03-01,True,,,wayback,2026-02-28T10:22:35.868178+00:00
bilbeslag.se,se,2026-03-01,True,,,wayback,2026-02-28T10:22:35.868178+00:00
bisstockholm.nu,nu,2026-03-01,True,,,wayback,2026-02-28T10:22:35.868178+00:00
blackboxmedia.se,se,2026-03-01,True,False,0,wayback,2026-02-28T10:22:35.868178+00:00
blockbank.se,se,2026-03-01,True,False,0,wayback,2026-02-28T10:22:35.868178+00:00
bmwmalmo.se,se,2026-03-01,True,,,wayback,2026-02-28T10:22:35.868178+00:00
bmwuppsala.se,se,2026-03-01,True,False,0,wayback,2026-02-28T10:22:35.868178+00:00
bodelningstockholm.se,se,2026-03-01,True,,,wayback,2026-02-28T10:22:35.868178+00:00
boka-allt.se,se,2026-03-01,True,False,0,wayback,2026-02-28T10:22:35.868178+00:00
bolagslistor.se,se,2026-03-01,True,False,0,wayback,2026-02-28T10:22:35.868178+00:00
bolagssnabben.se,se,2026-03-01,True,False,0,wayback,2026-02-28T10:22:35.868178+00:00
bolly4u.se,se,2026-03-01,True,,,wayback,2026-02-28T10:22:35.868178+00:00
bonvent.se,se,2026-03-01,True,False,0,wayback,2026-02-28T10:22:35.868178+00:00
bothniabanan.se,se,2026-03-01,True,False,0,wayback,2026-02-28T10:22:35.868178+00:00
bracabric.se,se,2026-03-01,True,False,0,wayback,2026-02-28T10:22:35.868178+00:00
bramcke.se,se,2026-03-01,True,False,0,wayback,2026-02-28T10:22:35.868178+00:00
bravarmepump.se,se,2026-03-01,True,False,0,wayback,2026-02-28T10:22:35.868178+00:00
brfarstaenergisparprojekt.se,se,2026-03-01,True,,,wayback,2026-02-28T10:22:35.868178+00:00
brfkarlavagnen.se,se,2026-03-01,True,False,0,wayback,2026-02-28T10:22:35.868178+00:00
brfstrandviolen.se,se,2026-03-01,True,False,0,wayback,2026-02-28T10:22:35.868178+00:00
brftegelterrassen.se,se,2026-03-01,True,False,0,wayback,2026-02-28T10:22:35.868178+00:00
brfvision.se,se,2026-03-01,True,False,0,wayback,2026-02-28T10:22:35.868178+00:00
brightkey.se,se,2026-03-01,True,False,0,wayback,2026-02-28T10:22:35.868178+00:00
brimble.se,se,2026-03-01,True,,,wayback,2026-02-28T10:22:35.868178+00:00
brodr.se,se,2026-03-01,True,False,0,wayback,2026-02-28T10:22:35.868178+00:00
brukarrevision.nu,nu,2026-03-01,True,False,0,wayback,2026-02-28T10:22:35.868178+00:00
brutalcasino.se,se,2026-03-01,True,False,0,wayback,2026-02-28T10:22:35.868178+00:00
budbeans.se,se,2026-03-01,True,False,0,wayback,2026-02-28T10:22:35.868178+00:00
byggamusklersnabbt.se,se,2026-03-01,True,False,0,wayback,2026-02-28T10:22:35.868178+00:00
byggkranstockholm.se,se,2026-03-01,True,,,wayback,2026-02-28T10:22:35.868178+00:00
bygglovet.nu,nu,2026-03-01,True,False,0,wayback,2026-02-28T10:22:35.868178+00:00
byggostergotland.se,se,2026-03-01,True,False,0,wayback,2026-02-28T10:22:35.868178+00:00
caany.se,se,2026-03-01,True,,,wayback,2026-02-28T10:22:35.868178+00:00
calmgo.se,se,2026-03-01,True,False,0,wayback,2026-02-28T10:22:35.868178+00:00
campervan.nu,nu,2026-03-01,True,False,0,wayback,2026-02-28T10:22:35.868178+00:00
carlssonsbilvard.se,se,2026-03-01,True,False,0,wayback,2026-02-28T10:22:35.868178+00:00
casinobastard.se,se,2026-03-01,True,,,wayback,2026-02-28T10:22:35.868178+00:00
casinobrutal.nu,nu,2026-03-01,True,False,0,wayback,2026-02-28T10:22:35.868178+00:00
casinobrutal.se,se,2026-03-01,True,,,wayback,2026-02-28T10:22:35.868178+00:00
casinoindividual.se,se,2026-03-01,True,,,wayback,2026-02-28T10:22:35.868178+00:00
celldapacs.se,se,2026-03-01,True,False,0,wayback,2026-02-28T10:22:35.868178+00:00
cellgummigrossisten.se,se,2026-03-01,True,False,0,wayback,2026-02-28T10:22:35.868178+00:00
centrumbron.se,se,2026-03-01,True,False,0,wayback,2026-02-28T10:22:35.868178+00:00
challengermobile.se,se,2026-03-01,True,False,0,wayback,2026-02-28T10:22:35.868178+00:00
champcamp.se,se,2026-03-01,True,False,0,wayback,2026-02-28T10:22:35.868178+00:00
chbl.se,se,2026-03-01,True,,,wayback,2026-02-28T10:22:35.868178+00:00
chilltub.se,se,2026-03-01,True,False,0,wayback,2026-02-28T10:22:35.868178+00:00
chilltubs.se,se,2026-03-01,True,,,wayback,2026-02-28T10:22:35.868178+00:00
chrben.se,se,2026-03-01,True,,,wayback,2026-02-28T10:22:35.868178+00:00
citikliniken.se,se,2026-03-01,True,False,0,wayback,2026-02-28T10:22:35.868178+00:00
cjcg.se,se,2026-03-01,True,,,wayback,2026-02-28T10:22:35.868178+00:00
cleaningservice.nu,nu,2026-03-01,True,False,0,wayback,2026-02-28T10:22:35.868178+00:00
cliffbranneri.se,se,2026-03-01,True,False,0,wayback,2026-02-28T10:22:35.868178+00:00
cloudwalkers.se,se,2026-03-01,True,False,0,wayback,2026-02-28T10:22:35.868178+00:00
coolsculptingsverige.se,se,2026-03-01,True,,,wayback,2026-02-28T10:22:35.868178+00:00
counterdrone.se,se,2026-03-01,True,False,0,wayback,2026-02-28T10:22:35.868178+00:00
cozycouch.se,se,2026-03-01,True,,,wayback,2026-02-28T10:22:35.868178+00:00
cozyvasastan.se,se,2026-03-01,True,,,wayback,2026-02-28T10:22:35.868178+00:00
curatemp.se,se,2026-03-01,True,False,0,wayback,2026-02-28T10:22:35.868178+00:00
cvlabbet.se,se,2026-03-01,True,,,wayback,2026-02-28T10:22:35.868178+00:00
cxkartan.se,se,2026-03-01,True,False,0,wayback,2026-02-28T10:22:35.868178+00:00
danskultur.se,se,2026-03-01,True,False,0,wayback,2026-02-28T10:22:35.868178+00:00
darkdaze.se,se,2026-03-01,True,False,0,wayback,2026-02-28T10:22:35.868178+00:00
datadrivenstrategi.se,se,2026-03-01,True,,,wayback,2026-02-28T10:22:35.868178+00:00
decign.se,se,2026-03-01,True,False,0,wayback,2026-02-28T10:22:35.868178+00:00
destinationkrutbruket.se,se,2026-03-01,True,False,0,wayback,2026-02-28T10:22:35.868178+00:00
diamond-thaimassage.se,se,2026-03-01,True,False,0,wayback,2026-02-28T10:22:35.868178+00:00
digitalakickoffer.se,se,2026-03-01,True,,,wayback,2026-02-28T10:22:35.868178+00:00
dinfropase.se,se,2026-03-01,True,False,0,wayback,2026-02-28T10:22:35.868178+00:00
dinmatkop.se,se,2026-03-01,True,,,wayback,2026-02-28T10:22:35.868178+00:00
dittminne.se,se,2026-03-01,True,False,0,wayback,2026-02-28T10:22:35.868178+00:00
dja.se,se,2026-03-01,True,,,wayback,2026-02-28T10:22:35.868178+00:00
dobermanforward.se,se,2026-03-01,True,False,0,wayback,2026-02-28T10:22:35.868178+00:00
docshop.se,se,2026-03-01,True,,,wayback,2026-02-28T10:22:35.868178+00:00
dogveda.se,se,2026-03-01,True,,,wayback,2026-02-28T10:22:35.868178+00:00
dronepostverzorging.nu,nu,2026-03-01,True,False,0,wayback,2026-02-28T10:22:35.868178+00:00
dstart.se,se,2026-03-01,True,,,wayback,2026-02-28T10:22:35.868178+00:00
earthsignature.se,se,2026-03-01,True,False,0,wayback,2026-02-28T10:22:35.868178+00:00
eatpinsa.se,se,2026-03-01,True,,,wayback,2026-02-28T10:22:35.868178+00:00
ecomcomfort.se,se,2026-03-01,True,,,wayback,2026-02-28T10:22:35.868178+00:00
ecomviking.se,se,2026-03-01,True,False,0,wayback,2026-02-28T10:22:35.868178+00:00
ees-arkitekt.se,se,2026-03-01,True,False,0,wayback,2026-02-28T10:22:35.868178+00:00
effektivarehem.se,se,2026-03-01,True,False,0,wayback,2026-02-28T10:22:35.868178+00:00
einz.se,se,2026-03-01,True,False,0,wayback,2026-02-28T10:22:35.868178+00:00
ektrappa.se,se,2026-03-01,True,False,0,wayback,2026-02-28T10:22:35.868178+00:00
ellink.se,se,2026-03-01,True,False,0,wayback,2026-02-28T10:22:35.868178+00:00
elvmarkersfotografi.se,se,2026-03-01,True,False,0,wayback,2026-02-28T10:22:35.868178+00:00
emillonneberga.se,se,2026-03-01,True,False,0,wayback,2026-02-28T10:22:35.868178+00:00
energibyggarn.se,se,2026-03-01,True,,,wayback,2026-02-28T10:22:35.868178+00:00
energiklasser.se,se,2026-03-01,True,False,0,wayback,2026-02-28T10:22:35.868178+00:00
energikreditiv.se,se,2026-03-01,True,False,0,wayback,2026-02-28T10:22:35.868178+00:00
energikriget.se,se,2026-03-01,True,,,wayback,2026-02-28T10:22:35.868178+00:00
energilanet.se,se,2026-03-01,True,False,0,wayback,2026-02-28T10:22:35.868178+00:00
energiombyggarn.se,se,2026-03-01,True,False,0,wayback,2026-02-28T10:22:35.868178+00:00
energiombyggnaden.se,se,2026-03-01,True,,,wayback,2026-02-28T10:22:35.868178+00:00
energiomstallnignslan.se,se,2026-03-01,True,,,wayback,2026-02-28T10:22:35.868178+00:00
energiomvandling.se,se,2026-03-01,True,,,wayback,2026-02-28T10:22:35.868178+00:00
energiomvaxling.se,se,2026-03-01,True,,,wayback,2026-02-28T10:22:35.868178+00:00
energiprestanda.se,se,2026-03-01,True,,,wayback,2026-02-28T10:22:35.868178+00:00
energydeclaration.se,se,2026-03-01,True,False,0,wayback,2026-02-28T10:22:35.868178+00:00
enfosweden.se,se,2026-03-01,True,False,0,wayback,2026-02-28T10:22:35.868178+00:00
epfrisor.se,se,2026-03-01,True,False,0,wayback,2026-02-28T10:22:35.868178+00:00
eppartihandel.se,se,2026-03-01,True,,,wayback,2026-02-28T10:22:35.868178+00:00
eprestaurang.se,se,2026-03-01,True,False,0,wayback,2026-02-28T10:22:35.868178+00:00
epskonhet.se,se,2026-03-01,True,False,0,wayback,2026-02-28T10:22:35.868178+00:00
eptvatt.se,se,2026-03-01,True,False,0,wayback,2026-02-28T10:22:35.868178+00:00
epverkstad.se,se,2026-03-01,True,False,0,wayback,2026-02-28T10:22:35.868178+00:00
erickard.se,se,2026-03-01,True,False,0,wayback,2026-02-28T10:22:35.868178+00:00
eritrea.nu,nu,2026-03-01,True,False,0,wayback,2026-02-28T10:22:35.868178+00:00
erkeeservice.se,se,2026-03-01,True,False,0,wayback,2026-02-28T10:22:35.868178+00:00
ernailart.se,se,2026-03-01,True,False,0,wayback,2026-02-28T10:22:35.868178+00:00
esg-kompetencer.nu,nu,2026-03-01,True,,,wayback,2026-02-28T10:22:35.868178+00:00
esgkompetencer.nu,nu,2026-03-01,True,False,0,wayback,2026-02-28T10:22:35.868178+00:00
evenemangshallar.se,se,2026-03-01,True,False,0,wayback,2026-02-28T10:22:35.868178+00:00
exaktengineparts.se,se,2026-03-01,True,,,wayback,2026-02-28T10:22:35.868178+00:00
exstenz.se,se,2026-03-01,True,False,0,wayback,2026-02-28T10:22:35.868178+00:00
eyeguide.se,se,2026-03-01,True,False,0,wayback,2026-02-28T10:22:35.868178+00:00
fader.se,se,2026-03-01,True,False,0,wayback,2026-02-28T10:22:35.868178+00:00
familyfarm.se,se,2026-03-01,True,,,wayback,2026-02-28T10:22:35.868178+00:00
familytales.se,se,2026-03-01,True,False,0,wayback,2026-02-28T10:22:35.868178+00:00
fashionandstyle.se,se,2026-03-01,True,,,wayback,2026-02-28T10:22:35.868178+00:00
fastighetsserviceistockholm.se,se,2026-03-01,True,False,0,wayback,2026-02-28T10:22:35.868178+00:00
fastightsbyran.se,se,2026-03-01,True,,,wayback,2026-02-28T10:22:35.868178+00:00
femeluxe.se,se,2026-03-01,True,,,wayback,2026-02-28T10:22:35.868178+00:00
finalm-bygg.se,se,2026-03-01,True,False,0,wayback,2026-02-28T10:22:35.868178+00:00
financials.se,se,2026-03-01,True,,,wayback,2026-02-28T10:22:35.868178+00:00
fixaladdplatsen.se,se,2026-03-01,True,False,0,wayback,2026-02-28T10:22:35.868178+00:00
foodflowab.se,se,2026-03-01,True,,,wayback,2026-02-28T10:22:35.868178+00:00
foodflowapp.se,se,2026-03-01,True,False,0,wayback,2026-02-28T10:22:35.868178+00:00
forecast.se,se,2026-03-01,True,,,wayback,2026-02-28T10:22:35.868178+00:00
forsakramig.se,se,2026-03-01,True,,,wayback,2026-02-28T10:22:35.868178+00:00
forsakringsassan.se,se,2026-03-01,True,False,0,wayback,2026-02-28T10:22:35.868178+00:00
forsakringskssan.se,se,2026-03-01,True,False,0,wayback,2026-02-28T10:22:35.868178+00:00
franksbistro.se,se,2026-03-01,True,,,wayback,2026-02-28T10:22:35.868178+00:00
frezonen.se,se,2026-03-01,True,False,0,wayback,2026-02-28T10:22:35.868178+00:00
frodoab.se,se,2026-03-01,True,,,wayback,2026-02-28T10:22:35.868178+00:00
frostx.se,se,2026-03-01,True,,,wayback,2026-02-28T10:22:35.868178+00:00
funkygourmet.se,se,2026-03-01,True,False,0,wayback,2026-02-28T10:22:35.868178+00:00
furutrappa.se,se,2026-03-01,True,,,wayback,2026-02-28T10:22:35.868178+00:00
gallgrens.se,se,2026-03-01,True,False,0,wayback,2026-02-28T10:22:35.868178+00:00
gamingbutik.se,se,2026-03-01,True,,,wayback,2026-02-28T10:22:35.868178+00:00
geomitric.se,se,2026-03-01,True,,,wayback,2026-02-28T10:22:35.868178+00:00
getlow.se,se,2026-03-01,True,,,wayback,2026-02-28T10:22:35.868178+00:00
getplaant.se,se,2026-03-01,True,False,0,wayback,2026-02-28T10:22:35.868178+00:00
glansgarage.se,se,2026-03-01,True,,,wayback,2026-02-28T10:22:35.868178+00:00
glukosamin.nu,nu,2026-03-01,True,,,wayback,2026-02-28T10:22:35.868178+00:00
godadagar.se,se,2026-03-01,True,False,0,wayback,2026-02-28T10:22:35.868178+00:00
godlygeargaming.se,se,2026-03-01,True,False,0,wayback,2026-02-28T10:22:35.868178+00:00
gotlandsstodboende.se,se,2026-03-01,True,False,0,wayback,2026-02-28T10:22:35.868178+00:00
gotlandsullochtextilindustri.se,se,2026-03-01,True,,,wayback,2026-02-28T10:22:35.868178+00:00
grayvrprodukter.se,se,2026-03-01,True,,,wayback,2026-02-28T10:22:35.868178+00:00
grensesnus.se,se,2026-03-01,True,False,0,wayback,2026-02-28T10:22:35.868178+00:00
grilllovers.se,se,2026-03-01,True,False,0,wayback,2026-02-28T10:22:35.868178+00:00
grizzlytub.se,se,2026-03-01,True,False,0,wayback,2026-02-28T10:22:35.868178+00:00
guti.se,se,2026-03-01,True,False,0,wayback,2026-02-28T10:22:35.868178+00:00
gymbroz.se,se,2026-03-01,True,False,0,wayback,2026-02-28T10:22:35.868178+00:00
habotronic.se,se,2026-03-01,True,,,wayback,2026-02-28T10:22:35.868178+00:00
hairoptimizer.se,se,2026-03-01,True,,,wayback,2026-02-28T10:22:35.868178+00:00
halsafranjulia.se,se,2026-03-01,True,,,wayback,2026-02-28T10:22:35.868178+00:00
handelsbsnken.se,se,2026-03-01,True,,,wayback,2026-02-28T10:22:35.868178+00:00
hankscafe.se,se,2026-03-01,True,False,0,wayback,2026-02-28T10:22:35.868178+00:00
happybird.se,se,2026-03-01,True,,,wayback,2026-02-28T10:22:35.868178+00:00
hargell.se,se,2026-03-01,True,False,0,wayback,2026-02-28T10:22:35.868178+00:00
harklippetvasteras.se,se,2026-03-01,True,,,wayback,2026-02-28T10:22:35.868178+00:00
harmonikliniken.se,se,2026-03-01,True,,,wayback,2026-02-28T10:22:35.868178+00:00
hcpa.se,se,2026-03-01,True,False,0,wayback,2026-02-28T10:22:35.868178+00:00
hejmaia.se,se,2026-03-01,True,False,0,wayback,2026-02-28T10:22:35.868178+00:00
hellokids.se,se,2026-03-01,True,False,0,wayback,2026-02-28T10:22:35.868178+00:00
hodiladi.nu,nu,2026-03-01,True,,,wayback,2026-02-28T10:22:35.868178+00:00
hodiladi.se,se,2026-03-01,True,False,0,wayback,2026-02-28T10:22:35.868178+00:00
hodjaservice.se,se,2026-03-01,True,False,0,wayback,2026-02-28T10:22:35.868178+00:00
hoffaudio.se,se,2026-03-01,True,False,0,wayback,2026-02-28T10:22:35.868178+00:00
holisticsociety.se,se,2026-03-01,True,False,0,wayback,2026-02-28T10:22:35.868178+00:00
home-base.se,se,2026-03-01,True,,,wayback,2026-02-28T10:22:35.868178+00:00
hotellivarlden.se,se,2026-03-01,True,False,0,wayback,2026-02-28T10:22:35.868178+00:00
hudharmoni.se,se,2026-03-01,True,False,0,wayback,2026-02-28T10:22:35.868178+00:00
hugoblo.se,se,2026-03-01,True,,,wayback,2026-02-28T10:22:35.868178+00:00
hunderbanan.se,se,2026-03-01,True,False,0,wayback,2026-02-28T10:22:35.868178+00:00
hundgymmet.se,se,2026-03-01,True,False,0,wayback,2026-02-28T10:22:35.868178+00:00
husbylanthandel.se,se,2026-03-01,True,False,0,wayback,2026-02-28T10:22:35.868178+00:00
hyaluronsyratillskott.nu,nu,2026-03-01,True,False,0,wayback,2026-02-28T10:22:35.868178+00:00
idropship.se,se,2026-03-01,True,False,0,wayback,2026-02-28T10:22:35.868178+00:00
idrottskirostockholm.se,se,2026-03-01,True,False,0,wayback,2026-02-28T10:22:35.868178+00:00
iedereenondernemer.nu,nu,2026-03-01,True,False,0,wayback,2026-02-28T10:22:35.868178+00:00
ifkonsult.se,se,2026-03-01,True,,,wayback,2026-02-28T10:22:35.868178+00:00
ilsapore.se,se,2026-03-01,True,,,wayback,2026-02-28T10:22:35.868178+00:00
individualcasino.se,se,2026-03-01,True,False,0,wayback,2026-02-28T10:22:35.868178+00:00
infogeneratorn.se,se,2026-03-01,True,False,0,wayback,2026-02-28T10:22:35.868178+00:00
inkhub.se,se,2026-03-01,True,False,0,wayback,2026-02-28T10:22:35.868178+00:00
inoutliving.se,se,2026-03-01,True,,,wayback,2026-02-28T10:22:35.868178+00:00
iroolo.se,se,2026-03-01,True,False,0,wayback,2026-02-28T10:22:35.868178+00:00
itektasoftware.se,se,2026-03-01,True,,,wayback,2026-02-28T10:22:35.868178+00:00
itqan.se,se,2026-03-01,True,False,0,wayback,2026-02-28T10:22:35.868178+00:00
ivaerksaettervejledning.nu,nu,2026-03-01,True,,,wayback,2026-02-28T10:22:35.868178+00:00
jackycasino.se,se,2026-03-01,True,,,wayback,2026-02-28T10:22:35.868178+00:00
jaestochtimjan.se,se,2026-03-01,True,False,0,wayback,2026-02-28T10:22:35.868178+00:00
jakfb.se,se,2026-03-01,True,False,0,wayback,2026-02-28T10:22:35.868178+00:00
jakta.se,se,2026-03-01,True,,,wayback,2026-02-28T10:22:35.868178+00:00
jallan.se,se,2026-03-01,True,False,0,wayback,2026-02-28T10:22:35.868178+00:00
jamtlandsgratistidning.se,se,2026-03-01,True,False,0,wayback,2026-02-28T10:22:35.868178+00:00
jangyllenhammar.se,se,2026-03-01,True,,,wayback,2026-02-28T10:22:35.868178+00:00
janyschella.se,se,2026-03-01,True,False,0,wayback,2026-02-28T10:22:35.868178+00:00
jarfallakomvux.se,se,2026-03-01,True,False,0,wayback,2026-02-28T10:22:35.868178+00:00
jarfallanytt.se,se,2026-03-01,True,,,wayback,2026-02-28T10:22:35.868178+00:00
jginvest.nu,nu,2026-03-01,True,False,0,wayback,2026-02-28T10:22:35.868178+00:00
joakimsjoberg.se,se,2026-03-01,True,False,0,wayback,2026-02-28T10:22:35.868178+00:00
jonsters.se,se,2026-03-01,True,False,0,wayback,2026-02-28T10:22:35.868178+00:00
jpvillan.se,se,2026-03-01,True,False,0,wayback,2026-02-28T10:22:35.868178+00:00
kadelaco.se,se,2026-03-01,True,False,0,wayback,2026-02-28T10:22:35.868178+00:00
kajsasjoberg.se,se,2026-03-01,True,,,wayback,2026-02-28T10:22:35.868178+00:00
karindrake.se,se,2026-03-01,True,,,wayback,2026-02-28T10:22:35.868178+00:00
karlskogaif.se,se,2026-03-01,True,,,wayback,2026-02-28T10:22:35.868178+00:00
keithab.se,se,2026-03-01,True,False,0,wayback,2026-02-28T10:22:35.868178+00:00
kergor.se,se,2026-03-01,True,False,0,wayback,2026-02-28T10:22:35.868178+00:00
khatibs.se,se,2026-03-01,True,,,wayback,2026-02-28T10:22:35.868178+00:00
kibamo.se,se,2026-03-01,True,,,wayback,2026-02-28T10:22:35.868178+00:00
kinesioakupunktur.se,se,2026-03-01,True,,,wayback,2026-02-28T10:22:35.868178+00:00
kingdesign.se,se,2026-03-01,True,,,wayback,2026-02-28T10:22:35.868178+00:00
kinnapadelklubb.se,se,2026-03-01,True,,,wayback,2026-02-28T10:22:35.868178+00:00
klokasystem.se,se,2026-03-01,True,False,0,wayback,2026-02-28T10:22:35.868178+00:00
klokautomation.se,se,2026-03-01,True,,,wayback,2026-02-28T10:22:35.868178+00:00
klrt.se,se,2026-03-01,True,False,0,wayback,2026-02-28T10:22:35.868178+00:00
klubbhusetutbildning.se,se,2026-03-01,True,,,wayback,2026-02-28T10:22:35.868178+00:00
kmamontage.se,se,2026-03-01,True,False,0,wayback,2026-02-28T10:22:35.868178+00:00
kodaiskolan.se,se,2026-03-01,True,,,wayback,2026-02-28T10:22:35.868178+00:00
kodare.nu,nu,2026-03-01,True,False,0,wayback,2026-02-28T10:22:35.868178+00:00
koltrastenutveckling.se,se,2026-03-01,True,False,0,wayback,2026-02-28T10:22:35.868178+00:00
konceptpool.se,se,2026-03-01,True,False,0,wayback,2026-02-28T10:22:35.868178+00:00
konsertdirekt.se,se,2026-03-01,True,False,0,wayback,2026-02-28T10:22:35.868178+00:00
konsumentinsikter.nu,nu,2026-03-01,True,False,0,wayback,2026-02-28T10:22:35.868178+00:00
konsumentinsikter.se,se,2026-03-01,True,,,wayback,2026-02-28T10:22:35.868178+00:00
kontaktlistor.se,se,2026-03-01,True,False,0,wayback,2026-02-28T10:22:35.868178+00:00
kontorshotell-stockholm.se,se,2026-03-01,True,False,0,wayback,2026-02-28T10:22:35.868178+00:00
kryptorummet.se,se,2026-03-01,True,,,wayback,2026-02-28T10:22:35.868178+00:00
kulturellaspar.se,se,2026-03-01,True,False,0,wayback,2026-02-28T10:22:35.868178+00:00
kulturkapitalet.se,se,2026-03-01,True,False,0,wayback,2026-02-28T10:22:35.868178+00:00
ladda-ner-spel.nu,nu,2026-03-01,True,False,0,wayback,2026-02-28T10:22:35.868178+00:00
lansforsakrngar.se,se,2026-03-01,True,False,0,wayback,2026-02-28T10:22:35.868178+00:00
lansforsaringar.se,se,2026-03-01,True,False,0,wayback,2026-02-28T10:22:35.868178+00:00
lavy.se,se,2026-03-01,True,False,0,wayback,2026-02-28T10:22:35.868178+00:00
legias.se,se,2026-03-01,True,,,wayback,2026-02-28T10:22:35.868178+00:00
leksandpadelcente.se,se,2026-03-01,True,False,0,wayback,2026-02-28T10:22:35.868178+00:00
leluem.se,se,2026-03-01,True,False,0,wayback,2026-02-28T10:22:35.868178+00:00
lillalivs.se,se,2026-03-01,True,False,0,wayback,2026-02-28T10:22:35.868178+00:00
lindbergsreklam.se,se,2026-03-01,True,False,0,wayback,2026-02-28T10:22:35.868178+00:00
lineupfilm.se,se,2026-03-01,True,False,0,wayback,2026-02-28T10:22:35.868178+00:00
litenbastu.se,se,2026-03-01,True,False,0,wayback,2026-02-28T10:22:35.868178+00:00
livshistorie.nu,nu,2026-03-01,True,,,wayback,2026-02-28T10:22:35.868178+00:00
loretravel.se,se,2026-03-01,True,False,0,wayback,2026-02-28T10:22:35.868178+00:00
luvio.se,se,2026-03-01,True,False,0,wayback,2026-02-28T10:22:35.868178+00:00
maharani.se,se,2026-03-01,True,False,0,wayback,2026-02-28T10:22:35.868178+00:00
maisonbergman.se,se,2026-03-01,True,False,0,wayback,2026-02-28T10:22:35.868178+00:00
makemalmo.se,se,2026-03-01,True,False,0,wayback,2026-02-28T10:22:35.868178+00:00
marte-meo.se,se,2026-03-01,True,False,0,wayback,2026-02-28T10:22:35.868178+00:00
maskit.se,se,2026-03-01,True,,,wayback,2026-02-28T10:22:35.868178+00:00
mastarmetoder.se,se,2026-03-01,True,False,0,wayback,2026-02-28T10:22:35.868178+00:00
matangaclub.se,se,2026-03-01,True,False,0,wayback,2026-02-28T10:22:35.868178+00:00
mediaproductions.se,se,2026-03-01,True,False,0,wayback,2026-02-28T10:22:35.868178+00:00
medmart.se,se,2026-03-01,True,False,0,wayback,2026-02-28T10:22:35.868178+00:00
meetpro.se,se,2026-03-01,True,False,0,wayback,2026-02-28T10:22:35.868178+00:00
megawatt.se,se,2026-03-01,True,,,wayback,2026-02-28T10:22:35.868178+00:00
michellemalm.se,se,2026-03-01,True,False,0,wayback,2026-02-28T10:22:35.868178+00:00
michellemalmstudio.se,se,2026-03-01,True,,,wayback,2026-02-28T10:22:35.868178+00:00
micralite.se,se,2026-03-01,True,False,0,wayback,2026-02-28T10:22:35.868178+00:00
micralitebaby.se,se,2026-03-01,True,,,wayback,2026-02-28T10:22:35.868178+00:00
micropigmentering.nu,nu,2026-03-01,True,False,0,wayback,2026-02-28T10:22:35.868178+00:00
migratiosverket.se,se,2026-03-01,True,False,0,wayback,2026-02-28T10:22:35.868178+00:00
migratonsverket.se,se,2026-03-01,True,,,wayback,2026-02-28T10:22:35.868178+00:00
minbmw.se,se,2026-03-01,True,,,wayback,2026-02-28T10:22:35.868178+00:00
mindquest.se,se,2026-03-01,True,False,0,wayback,2026-02-28T10:22:35.868178+00:00
mirabellashopping.se,se,2026-03-01,True,False,0,wayback,2026-02-28T10:22:35.868178+00:00
mobilgarage.se,se,2026-03-01,True,False,0,wayback,2026-02-28T10:22:35.868178+00:00
mobiltgarage.se,se,2026-03-01,True,False,0,wayback,2026-02-28T10:22:35.868178+00:00
modulnovabymoods.se,se,2026-03-01,True,False,0,wayback,2026-02-28T10:22:35.868178+00:00
mollyhelgesson.se,se,2026-03-01,True,False,0,wayback,2026-02-28T10:22:35.868178+00:00
moneybook.se,se,2026-03-01,True,False,0,wayback,2026-02-28T10:22:35.868178+00:00
moremoney.se,se,2026-03-01,True,,,wayback,2026-02-28T10:22:35.868178+00:00
morepower.se,se,2026-03-01,True,False,0,wayback,2026-02-28T10:22:35.868178+00:00
mormormagdas.se,se,2026-03-01,True,False,0,wayback,2026-02-28T10:22:35.868178+00:00
mrbenz.se,se,2026-03-01,True,False,0,wayback,2026-02-28T10:22:35.868178+00:00
multikulturforeningen.se,se,2026-03-01,True,False,0,wayback,2026-02-28T10:22:35.868178+00:00
mypost.nu,nu,2026-03-01,True,,,wayback,2026-02-28T10:22:35.868178+00:00
narkeplantans-tradgard.se,se,2026-03-01,True,False,0,wayback,2026-02-28T10:22:35.868178+00:00
neptunbad.nu,nu,2026-03-01,True,False,0,wayback,2026-02-28T10:22:35.868178+00:00
neverendingrp.se,se,2026-03-01,True,False,0,wayback,2026-02-28T10:22:35.868178+00:00
nikerla.se,se,2026-03-01,True,False,0,wayback,2026-02-28T10:22:35.868178+00:00
nirdea.se,se,2026-03-01,True,False,0,wayback,2026-02-28T10:22:35.868178+00:00
noordeensmaleri.se,se,2026-03-01,True,False,0,wayback,2026-02-28T10:22:35.868178+00:00
nordiskaneonror.se,se,2026-03-01,True,False,0,wayback,2026-02-28T10:22:35.868178+00:00
nordsvea.se,se,2026-03-01,True,False,0,wayback,2026-02-28T10:22:35.868178+00:00
northvoltbattery.se,se,2026-03-01,True,False,0,wayback,2026-02-28T10:22:35.868178+00:00
nybrf.se,se,2026-03-01,True,False,0,wayback,2026-02-28T10:22:35.868178+00:00
nymph.se,se,2026-03-01,True,False,0,wayback,2026-02-28T10:22:35.868178+00:00
nytida-steget.se,se,2026-03-01,True,,,wayback,2026-02-28T10:22:35.868178+00:00
octagoncollection.se,se,2026-03-01,True,False,0,wayback,2026-02-28T10:22:35.868178+00:00
odenatech.se,se,2026-03-01,True,,,wayback,2026-02-28T10:22:35.868178+00:00
omdittliv.se,se,2026-03-01,True,False,0,wayback,2026-02-28T10:22:35.868178+00:00
omstallningskalkylator.se,se,2026-03-01,True,False,0,wayback,2026-02-28T10:22:35.868178+00:00
omstallningskalkylatorn.se,se,2026-03-01,True,False,0,wayback,2026-02-28T10:22:35.868178+00:00
omstallningskreditiv.se,se,2026-03-01,True,,,wayback,2026-02-28T10:22:35.868178+00:00
omstallningslan.se,se,2026-03-01,True,,,wayback,2026-02-28T10:22:35.868178+00:00
omstallningssimulator.se,se,2026-03-01,True,False,0,wayback,2026-02-28T10:22:35.868178+00:00
omstallningssimulatorn.se,se,2026-03-01,True,,,wayback,2026-02-28T10:22:35.868178+00:00
oneleadership.nu,nu,2026-03-01,True,False,0,wayback,2026-02-28T10:22:35.868178+00:00
onlinedoktor.se,se,2026-03-01,True,False,0,wayback,2026-02-28T10:22:35.868178+00:00
onor.se,se,2026-03-01,True,,,wayback,2026-02-28T10:22:35.868178+00:00
onore.se,se,2026-03-01,True,,,wayback,2026-02-28T10:22:35.868178+00:00
optifleetgroup.se,se,2026-03-01,True,False,0,wayback,2026-02-28T10:22:35.868178+00:00
ornsbergsauktionen.se,se,2026-03-01,True,False,0,wayback,2026-02-28T10:22:35.868178+00:00
oscarhanson.se,se,2026-03-01,True,False,0,wayback,2026-02-28T10:22:35.868178+00:00
ostlingosteopati.se,se,2026-03-01,True,False,0,wayback,2026-02-28T10:22:35.868178+00:00
ouraustraliatrip.se,se,2026-03-01,True,,,wayback,2026-02-28T10:22:35.868178+00:00
overlandadventuretrucks.se,se,2026-03-01,True,False,0,wayback,2026-02-28T10:22:35.868178+00:00
overprova.se,se,2026-03-01,True,False,0,wayback,2026-02-28T10:22:35.868178+00:00
owhats.nu,nu,2026-03-01,True,,,wayback,2026-02-28T10:22:35.868178+00:00
oxenmalarfirma.nu,nu,2026-03-01,True,False,0,wayback,2026-02-28T10:22:35.868178+00:00
pallbanor.se,se,2026-03-01,True,,,wayback,2026-02-28T10:22:35.868178+00:00
parfuem.se,se,2026-03-01,True,False,0,wayback,2026-02-28T10:22:35.868178+00:00
pasivafastigheter.se,se,2026-03-01,True,False,0,wayback,2026-02-28T10:22:35.868178+00:00
paymovietickets.se,se,2026-03-01,True,False,0,wayback,2026-02-28T10:22:35.868178+00:00
peggycapital.se,se,2026-03-01,True,False,0,wayback,2026-02-28T10:22:35.868178+00:00
pelennor.se,se,2026-03-01,True,False,0,wayback,2026-02-28T10:22:35.868178+00:00
pelletslarm.nu,nu,2026-03-01,True,,,wayback,2026-02-28T10:22:35.868178+00:00
perivroa.se,se,2026-03-01,True,,,wayback,2026-02-28T10:22:35.868178+00:00
petexpress.se,se,2026-03-01,True,,,wayback,2026-02-28T10:22:35.868178+00:00
peugeotleasing.se,se,2026-03-01,True,False,0,wayback,2026-02-28T10:22:35.868178+00:00
photon-referral-sol.se,se,2026-03-01,True,,,wayback,2026-02-28T10:22:35.868178+00:00
picerunner.se,se,2026-03-01,True,False,0,wayback,2026-02-28T10:22:35.868178+00:00
pinsahouse.se,se,2026-03-01,True,,,wayback,2026-02-28T10:22:35.868178+00:00
pinsasverige.se,se,2026-03-01,True,,,wayback,2026-02-28T10:22:35.868178+00:00
pinsasweden.se,se,2026-03-01,True,,,wayback,2026-02-28T10:22:35.868178+00:00
piratdemonstration.se,se,2026-03-01,True,False,0,wayback,2026-02-28T10:22:35.868178+00:00
pixel101.se,se,2026-03-01,True,,,wayback,2026-02-28T10:22:35.868178+00:00
pixfood.se,se,2026-03-01,True,False,0,wayback,2026-02-28T10:22:35.868178+00:00
plaant.se,se,2026-03-01,True,False,0,wayback,2026-02-28T10:22:35.868178+00:00
plusentill.se,se,2026-03-01,True,,,wayback,2026-02-28T10:22:35.868178+00:00
plussen.se,se,2026-03-01,True,False,0,wayback,2026-02-28T10:22:35.868178+00:00
polestarstockholm.se,se,2026-03-01,True,,,wayback,2026-02-28T10:22:35.868178+00:00
politiskatlas.se,se,2026-03-01,True,False,0,wayback,2026-02-28T10:22:35.868178+00:00
ponkla.se,se,2026-03-01,True,,,wayback,2026-02-28T10:22:35.868178+00:00
porscheboras.se,se,2026-03-01,True,,,wayback,2026-02-28T10:22:35.868178+00:00
portotrapp.se,se,2026-03-01,True,False,0,wayback,2026-02-28T10:22:35.868178+00:00
powerspike.se,se,2026-03-01,True,False,0,wayback,2026-02-28T10:22:35.868178+00:00
pppppp.se,se,2026-03-01,True,False,0,wayback,2026-02-28T10:22:35.868178+00:00
pqme.se,se,2026-03-01,True,,,wayback,2026-02-28T10:22:35.868178+00:00
prbenterprise.se,se,2026-03-01,True,,,wayback,2026-02-28T10:22:35.868178+00:00
preppershop.se,se,2026-03-01,True,,,wayback,2026-02-28T10:22:35.868178+00:00
privateplacements.se,se,2026-03-01,True,False,0,wayback,2026-02-28T10:22:35.868178+00:00
privatlana.se,se,2026-03-01,True,,,wayback,2026-02-28T10:22:35.868178+00:00
pro-nutrition.se,se,2026-03-01,True,False,0,wayback,2026-02-28T10:22:35.868178+00:00
proffsbeten.se,se,2026-03-01,True,False,0,wayback,2026-02-28T10:22:35.868178+00:00
pros.se,se,2026-03-01,True,False,0,wayback,2026-02-28T10:22:35.868178+00:00
pstnord.se,se,2026-03-01,True,,,wayback,2026-02-28T10:22:35.868178+00:00
pundaremedhundar.se,se,2026-03-01,True,,,wayback,2026-02-28T10:22:35.868178+00:00
purecolabs.se,se,2026-03-01,True,,,wayback,2026-02-28T10:22:35.868178+00:00
pxofsweden.se,se,2026-03-01,True,,,wayback,2026-02-28T10:22:35.868178+00:00
qrolle.se,se,2026-03-01,True,False,0,wayback,2026-02-28T10:22:35.868178+00:00
randori.se,se,2026-03-01,True,False,0,wayback,2026-02-28T10:22:35.868178+00:00
rantedrottningen.se,se,2026-03-01,True,,,wayback,2026-02-28T10:22:35.868178+00:00
rantekungen.se,se,2026-03-01,True,False,0,wayback,2026-02-28T10:22:35.868178+00:00
ravessi.se,se,2026-03-01,True,,,wayback,2026-02-28T10:22:35.868178+00:00
readint.se,se,2026-03-01,True,False,0,wayback,2026-02-28T10:22:35.868178+00:00
rebeccaolsson.se,se,2026-03-01,True,,,wayback,2026-02-28T10:22:35.868178+00:00
referensdata.se,se,2026-03-01,True,,,wayback,2026-02-28T10:22:35.868178+00:00
reflectum.nu,nu,2026-03-01,True,,,wayback,2026-02-28T10:22:35.868178+00:00
registerfliken.se,se,2026-03-01,True,False,0,wayback,2026-02-28T10:22:35.868178+00:00
relevantainsikter.se,se,2026-03-01,True,False,0,wayback,2026-02-28T10:22:35.868178+00:00
relevantinsights.se,se,2026-03-01,True,False,0,wayback,2026-02-28T10:22:35.868178+00:00
renfrasch.se,se,2026-03-01,True,False,0,wayback,2026-02-28T10:22:35.868178+00:00
reseau.se,se,2026-03-01,True,,,wayback,2026-02-28T10:22:35.868178+00:00
returnify.nu,nu,2026-03-01,True,,,wayback,2026-02-28T10:22:35.868178+00:00
ringoeco.se,se,2026-03-01,True,,,wayback,2026-02-28T10:22:35.868178+00:00
rnstapparel.se,se,2026-03-01,True,,,wayback,2026-02-28T10:22:35.868178+00:00
robnor.se,se,2026-03-01,True,False,0,wayback,2026-02-28T10:22:35.868178+00:00
ronjasbageri.se,se,2026-03-01,True,,,wayback,2026-02-28T10:22:35.868178+00:00
rosmic.se,se,2026-03-01,True,False,0,wayback,2026-02-28T10:22:35.868178+00:00
rsmh.nu,nu,2026-03-01,True,,,wayback,2026-02-28T10:22:35.868178+00:00
safeinvest.nu,nu,2026-03-01,True,,,wayback,2026-02-28T10:22:35.868178+00:00
sakradehandel.se,se,2026-03-01,True,False,0,wayback,2026-02-28T10:22:35.868178+00:00
samaroc.se,se,2026-03-01,True,False,0,wayback,2026-02-28T10:22:35.868178+00:00
samlingsplatsen.se,se,2026-03-01,True,False,0,wayback,2026-02-28T10:22:35.868178+00:00
sangvin.se,se,2026-03-01,True,False,0,wayback,2026-02-28T10:22:35.868178+00:00
sansonibc.se,se,2026-03-01,True,False,0,wayback,2026-02-28T10:22:35.868178+00:00
sart.nu,nu,2026-03-01,True,,,wayback,2026-02-28T10:22:35.868178+00:00
scaleuproadmap.se,se,2026-03-01,True,False,0,wayback,2026-02-28T10:22:35.868178+00:00
schoolsof.se,se,2026-03-01,True,False,0,wayback,2026-02-28T10:22:35.868178+00:00
seabur.nu,nu,2026-03-01,True,False,0,wayback,2026-02-28T10:22:35.868178+00:00
secondsearch.se,se,2026-03-01,True,False,0,wayback,2026-02-28T10:22:35.868178+00:00
serkbits.se,se,2026-03-01,True,False,0,wayback,2026-02-28T10:22:35.868178+00:00
shahibd.se,se,2026-03-01,True,False,0,wayback,2026-02-28T10:22:35.868178+00:00
sidelmann.nu,nu,2026-03-01,True,,,wayback,2026-02-28T10:22:35.868178+00:00
silvercrossbaby.se,se,2026-03-01,True,,,wayback,2026-02-28T10:22:35.868178+00:00
sinnesroconnect.se,se,2026-03-01,True,False,0,wayback,2026-02-28T10:22:35.868178+00:00
sivara.se,se,2026-03-01,True,False,0,wayback,2026-02-28T10:22:35.868178+00:00
sixtenoberg.se,se,2026-03-01,True,,,wayback,2026-02-28T10:22:35.868178+00:00
skandova.se,se,2026-03-01,True,False,0,wayback,2026-02-28T10:22:35.868178+00:00
skyconnect.se,se,2026-03-01,True,,,wayback,2026-02-28T10:22:35.868178+00:00
skyroom32.se,se,2026-03-01,True,,,wayback,2026-02-28T10:22:35.868178+00:00
slaktverket.se,se,2026-03-01,True,False,0,wayback,2026-02-28T10:22:35.868178+00:00
slapintheface.se,se,2026-03-01,True,False,0,wayback,2026-02-28T10:22:35.868178+00:00
slumber.se,se,2026-03-01,True,,,wayback,2026-02-28T10:22:35.868178+00:00
slumbr.se,se,2026-03-01,True,False,0,wayback,2026-02-28T10:22:35.868178+00:00
smarthouse.se,se,2026-03-01,True,False,0,wayback,2026-02-28T10:22:35.868178+00:00
smartphonebutiken.se,se,2026-03-01,True,False,0,wayback,2026-02-28T10:22:35.868178+00:00
smattochsnyggt.se,se,2026-03-01,True,False,0,wayback,2026-02-28T10:22:35.868178+00:00
smidesbutiken.se,se,2026-03-01,True,,,wayback,2026-02-28T10:22:35.868178+00:00
sminker.se,se,2026-03-01,True,,,wayback,2026-02-28T10:22:35.868178+00:00
smoothbroom.se,se,2026-03-01,True,False,0,wayback,2026-02-28T10:22:35.868178+00:00
smop.se,se,2026-03-01,True,False,0,wayback,2026-02-28T10:22:35.868178+00:00
snabbbox.se,se,2026-03-01,True,False,0,wayback,2026-02-28T10:22:35.868178+00:00
snabbfrukt.se,se,2026-03-01,True,,,wayback,2026-02-28T10:22:35.868178+00:00
solcellslampa.se,se,2026-03-01,True,,,wayback,2026-02-28T10:22:35.868178+00:00
solidhorsework.se,se,2026-03-01,True,,,wayback,2026-02-28T10:22:35.868178+00:00
solrok.se,se,2026-03-01,True,,,wayback,2026-02-28T10:22:35.868178+00:00
solskensblommor.se,se,2026-03-01,True,,,wayback,2026-02-28T10:22:35.868178+00:00
someprod.se,se,2026-03-01,True,,,wayback,2026-02-28T10:22:35.868178+00:00
sonkarby.nu,nu,2026-03-01,True,False,0,wayback,2026-02-28T10:22:35.868178+00:00
sonkarby.se,se,2026-03-01,True,,,wayback,2026-02-28T10:22:35.868178+00:00
spanienmaklare.se,se,2026-03-01,True,False,0,wayback,2026-02-28T10:22:35.868178+00:00
spinforwin.se,se,2026-03-01,True,False,0,wayback,2026-02-28T10:22:35.868178+00:00
sponsordeal.se,se,2026-03-01,True,,,wayback,2026-02-28T10:22:35.868178+00:00
sprangcement.se,se,2026-03-01,True,False,0,wayback,2026-02-28T10:22:35.868178+00:00
springspa.se,se,2026-03-01,True,False,0,wayback,2026-02-28T10:22:35.868178+00:00
springspas.se,se,2026-03-01,True,,,wayback,2026-02-28T10:22:35.868178+00:00
stadfirmatrollhattan.se,se,2026-03-01,True,False,0,wayback,2026-02-28T10:22:35.868178+00:00
stajlfashion.se,se,2026-03-01,True,,,wayback,2026-02-28T10:22:35.868178+00:00
stemanders.nu,nu,2026-03-01,True,,,wayback,2026-02-28T10:22:35.868178+00:00
stenhusvillanab.se,se,2026-03-01,True,False,0,wayback,2026-02-28T10:22:35.868178+00:00
stepchip.se,se,2026-03-01,True,False,0,wayback,2026-02-28T10:22:35.868178+00:00
stinasmeds.se,se,2026-03-01,True,,,wayback,2026-02-28T10:22:35.868178+00:00
stockholmbeautycenter.nu,nu,2026-03-01,True,False,0,wayback,2026-02-28T10:22:35.868178+00:00
studiomedia.se,se,2026-03-01,True,,,wayback,2026-02-28T10:22:35.868178+00:00
styletools.se,se,2026-03-01,True,False,0,wayback,2026-02-28T10:22:35.868178+00:00
superhumanprotocol.se,se,2026-03-01,True,,,wayback,2026-02-28T10:22:35.868178+00:00
supportaero.se,se,2026-03-01,True,,,wayback,2026-02-28T10:22:35.868178+00:00
svagadalsbladet.se,se,2026-03-01,True,,,wayback,2026-02-28T10:22:35.868178+00:00
svenskatakrenoveringar.se,se,2026-03-01,True,False,0,wayback,2026-02-28T10:22:35.868178+00:00
svensktjordbruk.nu,nu,2026-03-01,True,False,0,wayback,2026-02-28T10:22:35.868178+00:00
sverigesfulastetradgard.se,se,2026-03-01,True,,,wayback,2026-02-28T10:22:35.868178+00:00
svptlay.se,se,2026-03-01,True,False,0,wayback,2026-02-28T10:22:35.868178+00:00
svtlay.se,se,2026-03-01,True,,,wayback,2026-02-28T10:22:35.868178+00:00
swejer.se,se,2026-03-01,True,False,0,wayback,2026-02-28T10:22:35.868178+00:00
sydmotocross.se,se,2026-03-01,True,,,wayback,2026-02-28T10:22:35.868178+00:00
takecarescandinavia.se,se,2026-03-01,True,False,0,wayback,2026-02-28T10:22:35.868178+00:00
taklampor.nu,nu,2026-03-01,True,False,0,wayback,2026-02-28T10:22:35.868178+00:00
talexshop.nu,nu,2026-03-01,True,,,wayback,2026-02-28T10:22:35.868178+00:00
tangenpirendesign.se,se,2026-03-01,True,,,wayback,2026-02-28T10:22:35.868178+00:00
taxullis.se,se,2026-03-01,True,,,wayback,2026-02-28T10:22:35.868178+00:00
tectlab.se,se,2026-03-01,True,False,0,wayback,2026-02-28T10:22:35.868178+00:00
tee2.se,se,2026-03-01,True,False,0,wayback,2026-02-28T10:22:35.868178+00:00
telexperterna.se,se,2026-03-01,True,False,0,wayback,2026-02-28T10:22:35.868178+00:00
theartworld.se,se,2026-03-01,True,False,0,wayback,2026-02-28T10:22:35.868178+00:00
thefoxandanchor.nu,nu,2026-03-01,True,,,wayback,2026-02-28T10:22:35.868178+00:00
thekindlycompany.se,se,2026-03-01,True,,,wayback,2026-02-28T10:22:35.868178+00:00
thepetzone.se,se,2026-03-01,True,,,wayback,2026-02-28T10:22:35.868178+00:00
thoughtsurfer.se,se,2026-03-01,True,,,wayback,2026-02-28T10:22:35.868178+00:00
tillsammansforfrihet.se,se,2026-03-01,True,,,wayback,2026-02-28T10:22:35.868178+00:00
tindrandegladje.se,se,2026-03-01,True,,,wayback,2026-02-28T10:22:35.868178+00:00
tobedo.se,se,2026-03-01,True,False,0,wayback,2026-02-28T10:22:35.868178+00:00
toolexperts.se,se,2026-03-01,True,False,0,wayback,2026-02-28T10:22:35.868178+00:00
trappklattrarn.se,se,2026-03-01,True,False,0,wayback,2026-02-28T10:22:35.868178+00:00
tratrappa.se,se,2026-03-01,True,,,wayback,2026-02-28T10:22:35.868178+00:00
travco.se,se,2026-03-01,True,,,wayback,2026-02-28T10:22:35.868178+00:00
tryggamig.se,se,2026-03-01,True,False,0,wayback,2026-02-28T10:22:35.868178+00:00
ts-kommissionen.se,se,2026-03-01,True,False,0,wayback,2026-02-28T10:22:35.868178+00:00
tullarna.se,se,2026-03-01,True,,,wayback,2026-02-28T10:22:35.868178+00:00
tuvelyckansgard.se,se,2026-03-01,True,,,wayback,2026-02-28T10:22:35.868178+00:00
uneventful.se,se,2026-03-01,True,False,0,wayback,2026-02-28T10:22:35.868178+00:00
unicorn.nu,nu,2026-03-01,True,,,wayback,2026-02-28T10:22:35.868178+00:00
urtypen.se,se,2026-03-01,True,False,0,wayback,2026-02-28T10:22:35.868178+00:00
va-fordonsrekond.se,se,2026-03-01,True,False,0,wayback,2026-02-28T10:22:35.868178+00:00
valuegrowth.se,se,2026-03-01,True,,,wayback,2026-02-28T10:22:35.868178+00:00
vanza.se,se,2026-03-01,True,,,wayback,2026-02-28T10:22:35.868178+00:00
varfruberga.se,se,2026-03-01,True,False,0,wayback,2026-02-28T10:22:35.868178+00:00
ventfabrikenab.se,se,2026-03-01,True,False,0,wayback,2026-02-28T10:22:35.868178+00:00
verticalai.se,se,2026-03-01,True,False,0,wayback,2026-02-28T10:22:35.868178+00:00
vertikalai.se,se,2026-03-01,True,False,0,wayback,2026-02-28T10:22:35.868178+00:00
vicura.se,se,2026-03-01,True,False,0,wayback,2026-02-28T10:22:35.868178+00:00
vidioptics.se,se,2026-03-01,True,,,wayback,2026-02-28T10:22:35.868178+00:00
vilderedanmark.nu,nu,2026-03-01,True,False,0,wayback,2026-02-28T10:22:35.868178+00:00
vinnaanbud.se,se,2026-03-01,True,False,0,wayback,2026-02-28T10:22:35.868178+00:00
vioradigital.se,se,2026-03-01,True,,,wayback,2026-02-28T10:22:35.868178+00:00
virabernerdesign.se,se,2026-03-01,True,False,0,wayback,2026-02-28T10:22:35.868178+00:00
virtassistent.se,se,2026-03-01,True,,,wayback,2026-02-28T10:22:35.868178+00:00
vises.nu,nu,2026-03-01,True,,,wayback,2026-02-28T10:22:35.868178+00:00
voeraanhuis.nu,nu,2026-03-01,True,False,0,wayback,2026-02-28T10:22:35.868178+00:00
volvomalmo.se,se,2026-03-01,True,False,0,wayback,2026-02-28T10:22:35.868178+00:00
volvouppsala.se,se,2026-03-01,True,False,0,wayback,2026-02-28T10:22:35.868178+00:00
vvs-firma.se,se,2026-03-01,True,,,wayback,2026-02-28T10:22:35.868178+00:00
wargenklinth.se,se,2026-03-01,True,,,wayback,2026-02-28T10:22:35.868178+00:00
warmessentials.se,se,2026-03-01,True,,,wayback,2026-02-28T10:22:35.868178+00:00
warmfusion.se,se,2026-03-01,True,False,0,wayback,2026-02-28T10:22:35.868178+00:00
wasbyoptik.se,se,2026-03-01,True,,,wayback,2026-02-28T10:22:35.868178+00:00
wayapp.se,se,2026-03-01,True,False,0,wayback,2026-02-28T10:22:35.868178+00:00
webbsaljaren.se,se,2026-03-01,True,,,wayback,2026-02-28T10:22:35.868178+00:00
weblyceum.se,se,2026-03-01,True,,,wayback,2026-02-28T10:22:35.868178+00:00
wedlaexperienceab.se,se,2026-03-01,True,False,0,wayback,2026-02-28T10:22:35.868178+00:00
wennerstenfrom.se,se,2026-03-01,True,,,wayback,2026-02-28T10:22:35.868178+00:00
westcoast-freight.se,se,2026-03-01,True,,,wayback,2026-02-28T10:22:35.868178+00:00
wetterfonster.se,se,2026-03-01,True,,,wayback,2026-02-28T10:22:35.868178+00:00
whiskyflavour.se,se,2026-03-01,True,False,0,wayback,2026-02-28T10:22:35.868178+00:00
winkey.se,se,2026-03-01,True,,,wayback,2026-02-28T10:22:35.868178+00:00
winnerz.se,se,2026-03-01,True,,,wayback,2026-02-28T10:22:35.868178+00:00
winterparka.se,se,2026-03-01,True,,,wayback,2026-02-28T10:22:35.868178+00:00
xautomatic.se,se,2026-03-01,True,False,0,wayback,2026-02-28T10:22:35.868178+00:00
xinris.nu,nu,2026-03-01,True,,,wayback,2026-02-28T10:22:35.868178+00:00
xinris.se,se,2026-03-01,True,False,0,wayback,2026-02-28T10:22:35.868178+00:00
xn--4signskellefte-yib.se,se,2026-03-01,True,False,0,wayback,2026-02-28T10:22:35.868178+00:00
xn--bmwmalm-g1a.se,se,2026-03-01,True,False,0,wayback,2026-02-28T10:22:35.868178+00:00
xn--brnnebackagrd-cfby.se,se,2026-03-01,True,False,0,wayback,2026-02-28T10:22:35.868178+00:00
xn--bstafrskring-gcbg1y.se,se,2026-03-01,True,,,wayback,2026-02-28T10:22:35.868178+00:00
xn--bstaprobiotikan-0kb.nu,nu,2026-03-01,True,,,wayback,2026-02-28T10:22:35.868178+00:00
xn--bstapwo-5wa.nu,nu,2026-03-01,True,False,0,wayback,2026-02-28T10:22:35.868178+00:00
xn--energilnet-75a.se,se,2026-03-01,True,False,0,wayback,2026-02-28T10:22:35.868178+00:00
xn--energiomstlld-kfb.se,se,2026-03-01,True,False,0,wayback,2026-02-28T10:22:35.868178+00:00
xn--energiomstllnignsln-pwb3a.se,se,2026-03-01,True,False,0,wayback,2026-02-28T10:22:35.868178+00:00
xn--energiomvxling-eib.se,se,2026-03-01,True,False,0,wayback,2026-02-28T10:22:35.868178+00:00
xn--energisnl-d3a.se,se,2026-03-01,True,False,0,wayback,2026-02-28T10:22:35.868178+00:00
xn--flyttfirmaupplandsvsby-j5b.nu,nu,2026-03-01,True,False,0,wayback,2026-02-28T10:22:35.868178+00:00
xn--fotbollsnrd-zfb.se,se,2026-03-01,True,False,0,wayback,2026-02-28T10:22:35.868178+00:00
xn--fredhlls-4za.se,se,2026-03-01,True,,,wayback,2026-02-28T10:22:35.868178+00:00
xn--geomt-jra.se,se,2026-03-01,True,,,wayback,2026-02-28T10:22:35.868178+00:00
xn--greckssar-b3a.se,se,2026-03-01,True,,,wayback,2026-02-28T10:22:35.868178+00:00
xn--grundfrstrkning-8kb61a.se,se,2026-03-01,True,False,0,wayback,2026-02-28T10:22:35.868178+00:00
xn--grundfrstrkninggteborg-84b24bla.se,se,2026-03-01,True,,,wayback,2026-02-28T10:22:35.868178+00:00
xn--grundfrstrkningmalm-owb88aoa.se,se,2026-03-01,True,False,0,wayback,2026-02-28T10:22:35.868178+00:00
xn--hallandsbergsprngning-k2b.se,se,2026-03-01,True,,,wayback,2026-02-28T10:22:35.868178+00:00
xn--hedegrd-ixa.se,se,2026-03-01,True,,,wayback,2026-02-28T10:22:35.868178+00:00
xn--hga-kusten-ecb.se,se,2026-03-01,True,,,wayback,2026-02-28T10:22:35.868178+00:00
xn--hobbyhns-s4a.se,se,2026-03-01,True,,,wayback,2026-02-28T10:22:35.868178+00:00
xn--hrselbutiken-4ib.se,se,2026-03-01,True,,,wayback,2026-02-28T10:22:35.868178+00:00
xn--isbjrnarna-hcb.se,se,2026-03-01,True,False,0,wayback,2026-02-28T10:22:35.868178+00:00
xn--kperfaktura-rfb.se,se,2026-03-01,True,,,wayback,2026-02-28T10:22:35.868178+00:00
xn--lxakuten-0za.se,se,2026-03-01,True,False,0,wayback,2026-02-28T10:22:35.868178+00:00
xn--miljvarudeklaration-t6b.se,se,2026-03-01,True,False,0,wayback,2026-02-28T10:22:35.868178+00:00
xn--mklarhistorik-bfb.se,se,2026-03-01,True,,,wayback,2026-02-28T10:22:35.868178+00:00
xn--msab-loa.se,se,2026-03-01,True,,,wayback,2026-02-28T10:22:35.868178+00:00
xn--nattg-pra.se,se,2026-03-01,True,,,wayback,2026-02-28T10:22:35.868178+00:00
xn--ntflex-bua.se,se,2026-03-01,True,,,wayback,2026-02-28T10:22:35.868178+00:00
xn--omstllningskalkylator-81b.se,se,2026-03-01,True,,,wayback,2026-02-28T10:22:35.868178+00:00
xn--omstllningskalkylatorn-34b.se,se,2026-03-01,True,,,wayback,2026-02-28T10:22:35.868178+00:00
xn--omstllningskreditiv-jwb.se,se,2026-03-01,True,,,wayback,2026-02-28T10:22:35.868178+00:00
xn--omstllningsln-efbx.se,se,2026-03-01,True,,,wayback,2026-02-28T10:22:35.868178+00:00
xn--omstllningssimulator-ezb.se,se,2026-03-01,True,False,0,wayback,2026-02-28T10:22:35.868178+00:00
xn--omstllningssimulatorn-81b.se,se,2026-03-01,True,,,wayback,2026-02-28T10:22:35.868178+00:00
xn--palltransportrer-ywb.se,se,2026-03-01,True,,,wayback,2026-02-28T10:22:35.868178+00:00
xn--porschebors-68a.se,se,2026-03-01,True,,,wayback,2026-02-28T10:22:35.868178+00:00
xn--rostfriatransportrer-kbc.se,se,2026-03-01,True,False,0,wayback,2026-02-28T10:22:35.868178+00:00
xn--sderstaden-ecb.se,se,2026-03-01,True,,,wayback,2026-02-28T10:22:35.868178+00:00
xn--skelleftelever-tib.se,se,2026-03-01,True,False,0,wayback,2026-02-28T10:22:35.868178+00:00
xn--snrjarna-o4ab.se,se,2026-03-01,True,False,0,wayback,2026-02-28T10:22:35.868178+00:00
xn--sonkarbygrd-58a.se,se,2026-03-01,True,False,0,wayback,2026-02-28T10:22:35.868178+00:00
xn--stensjnstrdgrd-fibs5z.se,se,2026-03-01,True,False,0,wayback,2026-02-28T10:22:35.868178+00:00
xn--tervinningen-scb.se,se,2026-03-01,True,False,0,wayback,2026-02-28T10:22:35.868178+00:00
xn--trappklttrarn-hfb.se,se,2026-03-01,True,False,0,wayback,2026-02-28T10:22:35.868178+00:00
xn--trdfllningsollentuna-czbc.nu,nu,2026-03-01,True,False,0,wayback,2026-02-28T10:22:35.868178+00:00
xn--trevnner-3za.se,se,2026-03-01,True,False,0,wayback,2026-02-28T10:22:35.868178+00:00
xn--trtrappa-1za.se,se,2026-03-01,True,False,0,wayback,2026-02-28T10:22:35.868178+00:00
xn--tuvelyckansgrd-wib.se,se,2026-03-01,True,False,0,wayback,2026-02-28T10:22:35.868178+00:00
xn--verprva-80af.se,se,2026-03-01,True,False,0,wayback,2026-02-28T10:22:35.868178+00:00
xn--vlund-jua.se,se,2026-03-01,True,False,0,wayback,2026-02-28T10:22:35.868178+00:00
xn--vlund-vua.se,se,2026-03-01,True,False,0,wayback,2026-02-28T10:22:35.868178+00:00
xn--vstertorpstandlkaren-bzbo.se,se,2026-03-01,True,False,0,wayback,2026-02-28T10:22:35.868178+00:00
xrobot.se,se,2026-03-01,True,False,0,wayback,2026-02-28T10:22:35.868178+00:00
xrobotic.se,se,2026-03-01,True,False,0,wayback,2026-02-28T10:22:35.868178+00:00
xrobotics.se,se,2026-03-01,True,,,wayback,2026-02-28T10:22:35.868178+00:00
xta.se,se,2026-03-01,True,,,wayback,2026-02-28T10:22:35.868178+00:00
xtaxi.se,se,2026-03-01,True,False,0,wayback,2026-02-28T10:22:35.868178+00:00
yoogla.se,se,2026-03-01,True,False,0,wayback,2026-02-28T10:22:35.868178+00:00
youtub.se,se,2026-03-01,True,False,0,wayback,2026-02-28T10:22:35.868178+00:00
zaphir.se,se,2026-03-01,True,False,0,wayback,2026-02-28T10:22:35.868178+00:00
zebra.nu,nu,2026-03-01,True,False,0,wayback,2026-02-28T10:22:35.868178+00:00
zonesystem.se,se,2026-03-01,True,False,0,wayback,2026-02-28T10:22:35.868178+00:00
